<?xml version="1.0" encoding="utf-8"?>
<!DOCTYPE hibernate-mapping PUBLIC "-//Hibernate/Hibernate Mapping DTD 3.0//EN"
"http://www.hibernate.org/dtd/hibernate-mapping-3.0.dtd">
<!-- Mapping file autogenerated by MyEclipse Persistence Tools -->
<hibernate-mapping>
	<class name="com.qhit.lh.g4.zzh.exam.sjgl.bean.Paper" table="t_paper"
		schema="dbo" catalog="db_exam">
		<id name="pid" type="java.lang.Integer">
			<column name="pId" />
			<generator class="native"></generator>
		</id>
		<property name="pname" type="java.lang.String">
			<column name="pName" length="20" not-null="true" />
		</property>
		<property name="ptime" type="java.lang.Integer">
			<column name="pTime" not-null="true" />
		</property>
		<property name="ptotalScore" type="java.lang.Integer">
			<column name="pTotalScore" not-null="true" />
		</property>
		<property name="csId" type="java.lang.Integer" insert="false"
			update="false">
			<column name="csId" not-null="true" />
		</property>
		<property name="qtotal" type="java.lang.Integer">
			<column name="qTotal" not-null="true" />
		</property>
		<property name="qscore" type="java.lang.Float">
			<column name="qScore" not-null="true" />
		</property>
		<property name="ptype" type="java.lang.String">
			<column name="pType" length="10" not-null="true" />
		</property>
		<property name="pstate" type="java.lang.String">
			<column name="pState" length="10" not-null="true" />
		</property>

		<!-- n-1 -->
		<many-to-one name="course"
			class="com.qhit.lh.g4.zzh.exam.kmgl.bean.Course" column="csId" fetch="join"></many-to-one>
		<!-- 1-n -->
		<set name="paperClasses" lazy="false" cascade="save-update">
			<key column="pId"></key>
			<one-to-many class="com.qhit.lh.g4.zzh.exam.sjgl.bean.PaperClass" />
		</set>
		<!-- m-n -->
		<set name="writtenQuestions" table="paper_wquestion" lazy="false">
			<key column="pId"></key>
			<many-to-many class="com.qhit.lh.g4.zzh.exam.tkgl.bean.WrittenQuestion" column="qId"></many-to-many>
		</set>
	</class>
</hibernate-mapping>
