<?xml version="1.0" encoding="utf-8"?>
<!DOCTYPE hibernate-mapping PUBLIC "-//Hibernate/Hibernate Mapping DTD 3.0//EN"
"http://www.hibernate.org/dtd/hibernate-mapping-3.0.dtd">
<!-- Mapping file autogenerated by MyEclipse Persistence Tools -->
<hibernate-mapping>
	<class name="com.qhit.lh.g4.zzh.exam.common.bean.Student" table="t_student"
		schema="dbo" catalog="db_exam">
		<id name="sid" type="java.lang.String">
			<column name="sid" length="20" />
			<generator class="native"></generator>
		</id>
		<property name="sname" type="java.lang.String">
			<column name="sname" length="20" not-null="true" />
		</property>
		<property name="sex" type="java.lang.String">
			<column name="sex" length="2" not-null="true" />
		</property>
		<property name="enterSchool" type="java.lang.String">
			<column name="enterSchool" length="4" not-null="true" />
		</property>
		<property name="ccode" type="java.lang.String">
			<column name="cCode" length="20" not-null="true" />
		</property>
		<property name="photo" type="java.lang.String">
			<column name="photo" length="50" />
		</property>
		<property name="birthday" type="java.lang.String">
			<column name="birthday" length="20" />
		</property>
		<property name="idcard" type="java.lang.String">
			<column name="IDCard" length="18" />
		</property>
		<property name="poutlook" type="java.lang.String">
			<column name="pOutlook" length="10" />
		</property>
		<property name="province" type="java.lang.String">
			<column name="province" length="20" />
		</property>
		<property name="city" type="java.lang.String">
			<column name="city" length="20" />
		</property>
		<property name="tel" type="java.lang.String">
			<column name="tel" length="11" />
		</property>
		<property name="address" type="java.lang.String">
			<column name="address" length="40" />
		</property>
		<property name="ptel" type="java.lang.String">
			<column name="ptel" length="11" />
		</property>
		<property name="prelation" type="java.lang.String">
			<column name="pRelation" length="10" />
		</property>
		<property name="hostelBuil" type="java.lang.String">
			<column name="hostelBuil" length="10" />
		</property>
		<property name="hostelNo" type="java.lang.String">
			<column name="hostelNo" length="10" />
		</property>
		<property name="baseInfo" type="java.lang.String">
			<column name="baseInfo" length="50" />
		</property>
		<property name="eduBg" type="java.lang.String">
			<column name="eduBg" length="20" />
		</property>
		<property name="remarks" type="java.lang.String">
			<column name="remarks" length="20" />
		</property>
		<one-to-one name="user" class="com.qhit.lh.g4.zzh.exam.common.bean.User"
			cascade="all"></one-to-one>
	</class>
</hibernate-mapping>
