<?xml version="1.0" encoding="utf-8"?>
<!DOCTYPE hibernate-mapping PUBLIC "-//Hibernate/Hibernate Mapping DTD 3.0//EN"
"http://www.hibernate.org/dtd/hibernate-mapping-3.0.dtd">
<!-- 
    Mapping file autogenerated by MyEclipse Persistence Tools
-->
<hibernate-mapping>
    <class name="com.qhit.lh.g4.zzh.exam.xsgl.bean.Student" table="t_student" schema="dbo" catalog="db_exam">
        <id name="sid" type="string">
            <column name="sid" length="20" />
            <generator class="foreign">
            	<param name="property">user</param>
            </generator>
        </id>
        <property name="sname" type="string">
            <column name="sname" length="20" not-null="true" />
        </property>
        <property name="sex" type="string">
            <column name="sex" length="2" not-null="true" />
        </property>
        <property name="enterSchool" type="string">
            <column name="enterSchool" length="10" not-null="true" />
        </property>
        <property name="ccode" type="string">
            <column name="cCode" length="20" not-null="true" />
        </property>
        <property name="photo" type="string">
            <column name="photo" length="50" />
        </property>
        <property name="birthday" type="date">
            <column name="birthday" length="10" />
        </property>
        <property name="idcard" type="string">
            <column name="IDCard" length="18" />
        </property>
        <property name="poutlook" type="string">
            <column name="pOutlook" length="10" />
        </property>
        <property name="province" type="string">
            <column name="province" length="20" />
        </property>
        <property name="city" type="string">
            <column name="city" length="20" />
        </property>
        <property name="tel" type="string">
            <column name="tel" length="11" />
        </property>
        <property name="address" type="string">
            <column name="address" length="40" />
        </property>
        <property name="ptel" type="string">
            <column name="ptel" length="11" />
        </property>
        <property name="prelation" type="string">
            <column name="pRelation" length="10" />
        </property>
        <property name="hostelBuil" type="string">
            <column name="hostelBuil" length="10" />
        </property>
        <property name="hostelNo" type="string">
            <column name="hostelNo" length="10" />
        </property>
        <property name="baseInfo" type="string">
            <column name="baseInfo" length="50" />
        </property>
        <property name="eduBg" type="string">
            <column name="eduBg" length="20" />
        </property>
        <property name="remarks" type="string">
            <column name="remarks" length="20" />
        </property>
        
        <!-- 1-1 -->
        <one-to-one name="user" class="com.qhit.lh.g4.zzh.exam.common.bean.User" cascade="all"></one-to-one>
    </class>
</hibernate-mapping>
