<?xml version="1.0" encoding="UTF-8" ?>
<!DOCTYPE struts PUBLIC
	"-//Apache Software Foundation//DTD Struts Configuration 2.3//EN"
	"http://struts.apache.org/dtds/struts-2.3.dtd">

<struts>

	<constant name="struts.enable.DynamicMethodInvocation" value="false" />
	<constant name="struts.devMode" value="true" />

	<package name="default" namespace="/" extends="struts-default">
		<interceptors>
    		<interceptor name="loginInterceptor" class="com.qhit.lh.g4.zzh.exam.common.interceptor.LoginInterceptor"></interceptor>
    	</interceptors>
    
        <!-- <global-results>
            <result name="error">/WEB-INF/jsp/error.jsp</result>
            <result name="login_view">/index.jsp</result>
        </global-results> -->
		

		<!-- <global-results> <result name="error">/WEB-INF/jsp/error.jsp</result> 
			</global-results> <global-exception-mappings> <exception-mapping exception="java.lang.Exception" 
			result="error"/> </global-exception-mappings> -->

	</package>
	  <include file="com/qhit/lh/g4/zzh/exam/common/config/user.xml"/>
    <include file="com/qhit/lh/g4/zzh/exam/tkgl/config/question.xml"/>
    <include file="com/qhit/lh/g4/zzh/exam/sjgl/config/paper.xml"/>
    <include file="com/qhit/lh/g4/zzh/exam/kmgl/config/course.xml"/>
    <include file="com/qhit/lh/g4/zzh/exam/bjgl/config/clazz.xml"/>


	<!-- Add packages here -->

</struts>
