<?xml version="1.0" encoding="utf-8"?>
<!DOCTYPE hibernate-mapping PUBLIC "-//Hibernate/Hibernate Mapping DTD 3.0//EN"
"http://www.hibernate.org/dtd/hibernate-mapping-3.0.dtd">
<!-- 
    Mapping file autogenerated by MyEclipse Persistence Tools
-->
<hibernate-mapping>
    <class name="com.qhit.lh.g4.zzh.exam.bjgl.bean.ClassInfo" table="t_classInfo" schema="dbo" catalog="db_exam">
        <id name="ccode" type="string">
            <column name="cCode" length="20" />
            <generator class="assigned"></generator>
        </id>
        <property name="cname" type="string">
            <column name="cName" length="20" not-null="true" />
        </property>
        <property name="major" type="string">
            <column name="major" length="10" not-null="true" />
        </property>
        <property name="insId" type="string">
            <column name="insId" length="20" not-null="true" />
        </property>
        <property name="iecId" type="string">
            <column name="iecId" length="20" not-null="true" />
        </property>
        <property name="cdate" type="date">
            <column name="cDate" length="10" not-null="true" />
        </property>
        <property name="g1num" type="integer">
            <column name="g1Num" />
        </property>
        <property name="g2num" type="integer">
            <column name="g2Num" />
        </property>
        <property name="g3num" type="integer">
            <column name="g3Num" />
        </property>
        <property name="csId" type="integer">
            <column name="csId" />
        </property>
        <property name="cremark" type="string">
            <column name="cRemark" length="50" />
        </property>
        
         <!-- 1-n -->
        <set name="students" lazy="false" cascade="save-update">
        	<key column="cCode"></key>
        	<one-to-many class="com.qhit.lh.g4.zzh.exam.xsgl.bean.Student"/>
        </set>
        
         <!-- 1-n -->
        <set name="paperClasses" lazy="false" cascade="save-update">
        	<key column="cCode"></key>
        	<one-to-many class="com.qhit.lh.g4.zzh.exam.sjgl.bean.PaperClass"/>
        </set>
    </class>
</hibernate-mapping>
